{
  "best_params": {
    "svm__C": 1,
    "svm__class_weight": "balanced",
    "svm__gamma": 0.01,
    "svm__kernel": "rbf"
  },
  "threshold_used": 0.17614145823703142,
  "roc_auc": 0.807037037037037,
  "pr_auc": 0.6781791987296649,
  "accuracy": 0.6753246753246753,
  "precision": 0.5212765957446809,
  "recall": 0.9074074074074074,
  "f1": 0.6621621621621622,
  "confusion_matrix": [
    [
      55,
      45
    ],
    [
      5,
      49
    ]
  ]
}